project_id,title,financial_year,procurement_method,best_evaluated_bidder_id,date_of_commencement_of_evaluation,bid_invitation_id,date_of_combined_evaluation_report,date_of_approval_of_final_evaluation_report_by_cc,date_of_display,bid_submission_id,award_amount,created_at,beb_expiry_date,pde,pde_category,display_of_beb_notice_date,market_price,bid_submission_deadline_date,bid_evaluation_start_date,bid_evaluation_end_date,planned_award_date,planned_signature_date,initiation_date,invitation_to_bid_date,nationality,bid_price,provider_name,award_price,budget_amount,project_start_date,funding_source
23,Design and Build of Kisoro - Rubuguri - Muko/Nteko Road Upgrading Project (72km),2021-2022,Selective National Bidding,114853,2021-02-01,79999,2021-07-26,2022-01-14,2022-01-17,223901,581269182208,2022-03-28 12:24:37,2022-01-29,Uganda National Roads Authority,Central Government,2021-02-11 00:00:00,508383133900,2021-01-29 00:00:00,2021-04-16 00:00:00,2021-05-10,2021-03-31 00:00:00,2021-03-31 00:00:00,2020-01-07,2020-03-24,Uganda,,Dott Services Limited,135934443910,508383133900.0000,2020-01-06T21:00:00.000Z,Government of Uganda
24,Civil works for Rehabilitation of Additional Masaka Town Roads (9.3Km),2021-2022,Selective International Bidding (SIB),114930,2021-11-08,80017,2021-11-10,2021-11-18,2021-11-19,224040,53336684835,2022-03-30 12:58:37,2021-12-01,Uganda National Roads Authority,Central Government,2021-11-22 00:00:00,53338589795,2021-11-05 00:00:00,2021-11-08 00:00:00,2021-11-19,2021-12-03 00:00:00,2021-12-03 00:00:00,2021-08-12,2021-10-22,China,,Chongqing International Construction Corporation (CICO),53336684835,53338589795.0000,2021-08-11T21:00:00.000Z,Internally Generated Funds 
28,Civil works for the Upgrading of Tororo-Busia Road (29km) and Muyuge and Busia Town Roads (18Km),2021-2022,Open International Bidding(OIB),115136,2021-07-09,80060,2021-08-02,2021-09-14,2021-09-15,224415,136857027680,2022-04-06 08:00:43,2021-09-24,Uganda National Roads Authority,Central Government,2021-08-18 00:00:00,140739369888,2021-07-08 00:00:00,2021-07-09 00:00:00,2021-08-03,2021-08-31 00:00:00,2021-08-31 00:00:00,2021-04-09,2021-06-02,China,,China Railway 18th Bureau Group Co. Ltd,136857027680,140739369888.0000,2021-04-08T21:00:00.000Z,Government of Uganda
26,Emergency Reconstruction of Saka Swamp Crossing on the Kaliro - Pallisa National Road Network under Design and Build Scheme,2021-2022,Open International Bidding(OIB),117325,2022-02-03,80029,2022-02-14,2022-03-09,2022-04-06,228608,76500755047,2022-05-24 09:29:28,2022-04-16,Uganda National Roads Authority,Central Government,2022-03-01 00:00:00,76782415168,2022-02-07 00:00:00,2022-02-08 00:00:00,2022-02-28,2022-04-01 00:00:00,2022-04-01 00:00:00,2021-09-28,2021-12-07,Aruba,,Arab Contractors (Osman Ahmed Osman & Co.),76500755048,76782415168.0000,2021-09-27T21:00:00.000Z,Government of Uganda
33,Construction of Low Cost Sealing of Selected Low Volume Roads,2021-2022,Open Domestic Bidding,117647,2022-02-21,80825,2022-03-31,2022-04-05,2022-04-11,229206,9157645089,2022-05-26 13:29:55,2022-04-27,Ministry of Works and Transport,Central Government,2022-04-11 00:00:00,53080000002,2022-02-07 00:00:00,2022-02-21 00:00:00,2022-03-31,2022-04-05 00:00:00,2022-05-06 00:00:00,2021-11-18,2022-01-10,Uganda,,Empa Associates Ltd,9158324974,40000000000.0000,2021-08-01T21:00:00.000Z,Government of Uganda
44,Construction of mini piped water scheme at Kindeke Trading centre Phase 1,2021-2022,Open Domestic Bidding,117661,2021-10-29,80842,2021-11-01,2021-11-15,2021-11-15,229359,150666058,2022-05-27 05:29:59,2021-12-03,Kiboga District Local Government,Local Government,2021-11-15 00:00:00,150900000,2021-10-29 00:00:00,2021-11-01 00:00:00,2021-11-01,2021-11-15 00:00:00,2021-12-21 00:00:00,2021-10-06,2021-10-11,Uganda,,Ferest Investments Ltd,150666058,150900000.0000,2022-01-09T21:00:00.000Z,Government of Uganda
5,5STANCE AT KISWEKA P/S,2021-2022,Selective National Bidding,117665,2021-11-01,80843,2021-11-01,2021-11-15,2021-11-15,229371,31909678,2022-05-27 05:56:42,2021-11-29,Kiboga District Local Government,Local Government,2021-11-15 00:00:00,32352250,2021-10-29 00:00:00,2021-11-01 00:00:00,2021-11-01,2021-11-15 00:00:00,2022-02-02 00:00:00,2021-10-11,2021-10-11,Uganda,,MPLAMB CONSTRUCTION SERVICES AND JOINERY CO. LTD,31909678,32352250.0000,2022-02-06T21:00:00.000Z,Government of Uganda
53,"construction of staff quarters, kitchen, 2stance lined pit latrine and four unit open shower room",2021-2022,Open Domestic Bidding,117843,2022-03-17,80931,2022-03-17,2022-03-18,2022-03-18,229784,158294168,2022-05-30 13:08:51,2022-04-01,Kiboga District Local Government,Local Government,2022-03-18 00:00:00,158294168,2022-03-17 00:00:00,2022-03-17 00:00:00,2022-03-17,2022-03-18 00:00:00,2022-04-04 00:00:00,2022-02-02,2022-02-14,Uganda,,KARKI BUILDERS AND ENGINEERS LTD,158294168,162000000.0000,2022-03-11T21:00:00.000Z,Government of Uganda
45,CONSTRUCTION OF TWO CLASSROOM BLOCK AT DWANIRO PEOPLE'S PRIMARY SCHOOL,2021-2022,Open Domestic Bidding,117845,2021-11-01,80844,2021-11-01,2021-11-15,2021-11-15,229787,84540000,2022-05-30 13:33:19,2021-11-29,Kiboga District Local Government,Local Government,2021-11-15 00:00:00,84671959,2021-10-29 00:00:00,2021-11-01 00:00:00,2021-11-01,2021-11-15 00:00:00,2022-02-02 00:00:00,2021-10-11,2021-10-11,Uganda,,ADVANTA UGANDA LIMITED,845400000,84671959.0000,2022-02-01T21:00:00.000Z,Government of Uganda
54,CONSTRUCTION OF A 5STANCE LINED PIT LATRINE ATA KABAMBA,2021-2022,Selective National Bidding,117850,2022-04-01,80934,2022-04-01,2022-04-04,2022-04-04,229797,27783168,2022-05-30 14:00:26,2022-04-13,Kiboga District Local Government,Local Government,2022-04-04 00:00:00,27783168,2022-04-01 00:00:00,2022-04-01 00:00:00,2022-04-01,2022-04-04 00:00:00,2022-04-14 00:00:00,2022-03-21,2022-03-21,Uganda,,MUNDA HOLDINGS LIMITED,25972980,27500000.0000,2022-02-20T21:00:00.000Z,Government of Uganda
55,CONSTRUCTION  AND REMODELING OF THE DISTRICT DRUG STORE,2021-2022,Open Domestic Bidding,117881,2022-02-15,80950,2022-02-15,2022-02-17,2022-02-17,229841,247636570,2022-05-31 06:50:45,2022-03-02,Kiboga District Local Government,Local Government,2022-02-17 00:00:00,250000000,2022-02-15 00:00:00,2022-02-15 00:00:00,2022-02-15,2022-02-17 00:00:00,2022-03-29 00:00:00,2021-10-06,2022-01-25,Uganda,,WINRAR SERVICES LTD,249776972,250000000.0000,2022-01-31T21:00:00.000Z,Government of Uganda
56,DRILLING OF 03NO. DEEP BOREHOLES,2021-2022,Open Domestic Bidding,117889,2021-07-01,80953,2021-07-01,2021-07-29,2021-07-29,229856,70139200,2022-05-31 07:29:18,2021-08-12,Kiboga District Local Government,Local Government,2021-07-29 00:00:00,78000000,2021-06-22 00:00:00,2021-07-01 00:00:00,2021-07-01,2021-07-29 00:00:00,2021-08-31 00:00:00,2021-05-13,2021-05-31,Uganda,,MSR TECHNOLOGIES (U) LTD,70139200,78000000.0000,2021-05-30T21:00:00.000Z,Government of Uganda
57,CONSTRUCTION OF A 5STANCE LINED PIT LATRINE AT BUKOBOOBO P/S,2021-2022,Selective National Bidding,117895,2021-11-01,80956,2021-11-01,2021-11-16,2021-11-16,229869,32214000,2022-05-31 07:54:20,2021-11-29,Kiboga District Local Government,Local Government,2021-11-16 00:00:00,32352250,2021-10-29 00:00:00,2021-11-01 00:00:00,2021-11-01,2021-11-16 00:00:00,2022-02-02 00:00:00,2021-09-07,2021-10-11,Uganda,,KAHOORA TECHNICAL SERVICES LTD,32214000,32352250.0000,2021-09-29T21:00:00.000Z,Government of Uganda
58,CONSTRUCTION OF 2STANCE LINED PIT LATRINE AT MUWANGA HC111,2021-2022,Single Source Consultants,117969,2022-04-01,80969,2022-04-01,2022-04-04,2022-04-04,230006,13495000,2022-05-31 11:26:38,2022-04-19,Kiboga District Local Government,Local Government,2022-04-04 00:00:00,13500000,2022-04-01 00:00:00,2022-04-01 00:00:00,2022-04-01,2022-04-04 00:00:00,2022-04-19 00:00:00,2022-03-15,2022-03-21,Uganda,,KEVIN & KEITH INVESTMENTS LTD,13495000,13500000.0000,2021-09-29T21:00:00.000Z,Government of Uganda
59,5STANCE LINED PIT LATRINE AT KYAMAKOOLA P/S,2021-2022,Selective National Bidding,117975,2022-03-18,80971,2022-03-18,2022-03-18,2022-03-18,230037,27929386,2022-05-31 12:00:26,2022-03-18,Kiboga District Local Government,Local Government,2022-03-17 21:00:00,27929386,2022-03-17 00:00:00,2022-03-17 00:00:00,2022-03-17,2022-03-17 00:00:00,2022-04-13 00:00:00,2022-01-12,2022-03-01,Uganda,,PLANT WHITING CONTRACTORS LTD,27929386,32352250.0000,2022-03-31T21:00:00.000Z,Government of Uganda
62,PROTECTION OF LUTUKUMA SPRINGS AND EXTENSION OF WATER,2021-2022,Selective National Bidding,118110,2021-09-15,81034,2021-09-15,2021-09-16,2021-09-16,230288,11939759,2022-06-02 07:55:05,2021-09-30,Kiboga District Local Government,Local Government,2021-09-16 00:00:00,12000000,2021-09-07 00:00:00,2021-09-15 00:00:00,2021-09-15,2021-09-16 00:00:00,2021-10-04 00:00:00,2021-05-03,2021-08-24,Uganda,,SEMAKULA CONTRACTORS LTD,11939759,12000000.0000,2021-06-30T21:00:00.000Z,Government of Uganda
63,CONSTRUCTION OF KIBOGA TOWN COUNCIL ADMINISTRATION BLOCK,2021-2022,Open Domestic Bidding,118115,2022-01-11,81039,2022-01-11,2022-01-20,2022-01-20,230295,165912720,2022-06-02 08:19:36,2022-02-03,Kiboga District Local Government,Local Government,2022-01-20 00:00:00,169596267,2022-01-07 00:00:00,2022-01-11 00:00:00,2022-01-11,2022-01-20 00:00:00,2022-02-07 00:00:00,2021-12-14,2021-12-17,Uganda,,SIRAFFORD UGANDA LIMITED,165912720,169596267.0000,2022-01-02T21:00:00.000Z,Internally Generated Funds 
64,REHABILITATION AND PROTECTION OF 06NO. SPRINGS,2021-2022,Selective National Bidding,118126,2021-12-09,81044,2021-12-09,2021-12-16,2021-12-16,230323,31476689,2022-06-02 09:24:14,2021-12-31,Kiboga District Local Government,Local Government,2021-12-16 00:00:00,31000000,2021-09-07 00:00:00,2021-12-09 00:00:00,2021-12-09,2021-12-16 00:00:00,2022-01-20 00:00:00,2020-11-03,2021-08-24,Uganda,,SEMAKULA CONTRACTORS LTD,314766689,31500000.0000,2021-06-30T21:00:00.000Z,Government of Uganda
65,5STANCE LINED PI LATRINE AT KIBOOBA P/S,2021-2022,Selective National Bidding,118179,2022-04-28,81073,2022-04-28,2022-04-29,2022-04-29,230422,27474058,2022-06-02 13:12:05,2022-05-12,Kiboga District Local Government,Local Government,2022-04-28 00:00:00,27500000,2022-04-28 00:00:00,2022-04-28 00:00:00,2022-04-28,2022-04-29 00:00:00,2022-05-12 00:00:00,2022-03-10,2022-04-13,Uganda,,MPLAMB CONSTRUCTION SERVICES AND JOINERY COMPANY LTD,27775058,27500000.0000,2022-04-12T21:00:00.000Z,Government of Uganda
66,RENOVATION OF KAPEKE SUB COUNTY H/QS,2021-2022,Selective National Bidding,118400,2021-10-05,81255,2021-10-05,2021-10-07,2021-10-07,231014,8478064,2022-06-06 09:51:40,2021-10-21,Kiboga District Local Government,Local Government,2021-10-07 00:00:00,8500000,2021-10-01 00:00:00,2021-10-05 00:00:00,2021-10-05,2021-10-07 00:00:00,2021-10-22 00:00:00,2021-08-18,2021-09-22,Uganda,,KEVIN & KEITH INVESTMENTS LTD,8478064,8500000.0000,2021-09-29T21:00:00.000Z,Government of Uganda
67,RE-PAINTING AND ELECTRICAL INSTALLATION AT  DWANIRO SUB COUNTY HEAD QUARTERS,2021-2022,Restricted Domestic Bidding (RDB),118511,2022-03-17,81332,2022-03-17,2022-03-17,2022-03-17,231259,9996960,2022-06-07 09:31:53,2022-04-01,Kiboga District Local Government,Local Government,2022-03-17 00:00:00,9996960,2022-03-14 00:00:00,2022-03-17 00:00:00,2022-03-17,2022-03-23 00:00:00,2022-04-11 00:00:00,2022-02-02,2022-03-03,Uganda,,APPLIED INVESTMENTS LIMITED,9871408,10000000.0000,2022-03-15T21:00:00.000Z,Government of Uganda
70,Procurement of a Contractor for rewiring and modernisation of Amber House Electrical System,2021-2022,Open Domestic Bidding,118648,2022-05-03,81383,2022-05-11,2022-05-11,2022-05-26,231554,5779641328,2022-06-08 09:05:07,2022-06-08,Ministry of Energy and Mineral Development,Central Government,2022-05-26 00:00:00,5820000000,2022-05-03 00:00:00,2022-05-03 00:00:00,2022-05-11,2022-05-26 00:00:00,2022-06-20 00:00:00,2022-02-17,2022-04-14,Uganda,,Omega General electricals Ltd,5811087100,5820000000.0000,2022-06-30T21:00:00.000Z,Government of Uganda
71,Upgrade of the power house and installation of standby generator,2021-2022,Open Domestic Bidding,118663,2022-02-02,81387,2022-02-02,2022-02-10,2022-02-17,231585,1980540000,2022-06-08 09:39:19,2022-03-02,Ministry of Energy and Mineral Development,Central Government,2022-02-17 00:00:00,2000000000,2022-02-02 00:00:00,2022-02-02 00:00:00,2022-02-10,2022-02-17 00:00:00,2022-03-02 00:00:00,2021-11-24,2021-12-27,Uganda,,AEA Ltd,2302311168,2000000000.0000,2021-11-23T21:00:00.000Z,Government of Uganda
72,Repair of Amber House Upper Courtyard,2021-2022,Request for Quotations/Proposals (RFQ/P),118709,2022-02-17,81397,2022-02-18,2022-03-09,2022-03-10,231668,194503610,2022-06-08 12:15:15,2022-03-23,Ministry of Energy and Mineral Development,Central Government,2022-02-22 00:00:00,195939772,2022-02-03 00:00:00,2022-02-17 00:00:00,2022-03-09,2022-03-09 00:00:00,2022-03-09 00:00:00,2021-11-22,2022-01-27,Uganda,,M/S.DELCOM CONSTRUCTION LTD,194503610,195939772.0000,2021-11-21T21:00:00.000Z,Government of Uganda
76,"BOREHOLE SITTING, SURVEYING AND DRILLING SUPERVISON",2021-2022,Open Domestic Bidding,118822,2021-07-08,81446,2021-07-08,2021-07-29,2021-07-29,231902,13503384,2022-06-10 09:08:15,2021-08-12,Kiboga District Local Government,Local Government,2021-07-29 00:00:00,9000000,2021-06-22 00:00:00,2021-07-08 00:00:00,2021-07-08,2021-07-29 00:00:00,2021-08-31 00:00:00,2021-05-06,2021-05-31,Uganda,,SCAN WATER CONSULTANTS AND CONTRACTORS LTD,13503384,9000000.0000,2021-06-30T21:00:00.000Z,Government of Uganda
77,Procurement of a contractor for the repair of Amber house upper parking,2021-2022,Restricted Domestic Bidding (RDB),118840,2022-01-25,81451,2022-02-23,2022-02-23,2022-04-11,231937,307068060,2022-06-10 09:52:14,2022-04-26,Ministry of Energy and Mineral Development,Central Government,2022-02-16 00:00:00,265811938,2022-01-19 00:00:00,2022-01-25 00:00:00,2022-02-09,2022-02-16 00:00:00,2022-03-02 00:00:00,2021-11-22,2022-01-05,Uganda,,Rina one investments Ltd,524635618,265811938.0000,2021-11-01T21:00:00.000Z,Government of Uganda
69,"Construction of staff houses in Nakapiripiriti, Amudat and Moroto districts under Karamoja Regions staff project",2021-2022,Open Domestic Bidding,118970,2021-12-10,81386,2021-12-10,2022-02-10,2022-02-10,232148,3257074601,2022-06-13 09:36:36,2022-02-24,Ministry of Health,Central Government,2022-02-10 00:00:00,350000000,2021-12-10 00:00:00,2021-12-10 00:00:00,2022-01-19,2022-02-10 00:00:00,2021-11-11 00:00:00,2021-10-28,2021-11-01,Uganda,,M/S Bulmak Associates Limited,2956522601,3500000000.0000,2022-04-10T21:00:00.000Z,Government of Uganda
32,Reconstruction of five (5) Failed bridges on the National Road Network under Design and Build,2021-2022,Open Domestic Bidding,119206,2021-05-12,81579,2021-06-03,2021-08-27,2021-08-31,232616,14994557919,2022-06-16 05:15:29,2021-09-10,Uganda National Roads Authority,Central Government,2021-05-31 00:00:00,62806600000,2021-04-16 00:00:00,2021-03-29 00:00:00,2021-04-30,2021-06-25 00:00:00,2021-06-25 00:00:00,2020-08-20,2021-01-12,Uganda,,Dynaco Limited,13955668456,62337600000.0000,2021-11-30T21:00:00.000Z,Government of Uganda
32,Reconstruction of five (5) Failed bridges on the National Road Network under Design and Build,2021-2022,Open Domestic Bidding,119207,2021-05-12,81579,2021-06-03,2021-08-27,2021-09-01,232625,19125735358,2022-06-16 05:17:58,2021-09-10,Uganda National Roads Authority,Central Government,2021-05-31 00:00:00,62806600000,2021-04-16 00:00:00,2021-03-29 00:00:00,2021-04-30,2021-06-25 00:00:00,2021-06-25 00:00:00,2020-08-20,2021-01-12,Uganda,,Dynaco Limited,13955668456,62337600000.0000,2021-11-30T21:00:00.000Z,Government of Uganda
32,Reconstruction of five (5) Failed bridges on the National Road Network under Design and Build,2021-2022,Open Domestic Bidding,119208,2021-05-12,81579,2021-06-03,2021-08-27,2021-09-01,232627,12289230346,2022-06-16 05:21:50,2021-09-10,Uganda National Roads Authority,Central Government,2021-05-31 00:00:00,62806600000,2021-04-16 00:00:00,2021-03-29 00:00:00,2021-04-30,2021-06-25 00:00:00,2021-06-25 00:00:00,2020-08-20,2021-01-12,Uganda,,Dynaco Limited,13955668456,62337600000.0000,2021-11-30T21:00:00.000Z,Government of Uganda
32,Reconstruction of five (5) Failed bridges on the National Road Network under Design and Build,2021-2022,Open Domestic Bidding,119211,2016-05-13,81579,2021-06-03,2021-08-27,2021-09-01,232680,9736523460,2022-06-16 05:32:30,2021-09-10,Uganda National Roads Authority,Central Government,2021-05-31 00:00:00,62806600000,2021-04-16 00:00:00,2021-03-29 00:00:00,2021-04-30,2021-06-25 00:00:00,2021-06-25 00:00:00,2020-08-20,2021-01-12,Uganda,,Dynaco Limited,13955668456,62337600000.0000,2021-11-30T21:00:00.000Z,Government of Uganda
81,Replacement of Hospital Chain Link Fence,2021-2022,Request for Quotations/Proposals (RFQ/P),119244,2022-04-04,81601,2022-04-04,2022-04-27,2022-04-27,232756,19156712,2022-06-16 08:18:06,2022-05-11,Ministry of Health,Central Government,2022-04-27 00:00:00,19212812,2022-04-01 00:00:00,2022-04-04 00:00:00,2022-04-06,2022-04-27 00:00:00,2022-05-25 00:00:00,2022-01-20,2022-03-24,Uganda,,Kyaju Contractors (U) Ltd,18781090,19212812.0000,2022-05-19T21:00:00.000Z,Government of Uganda
82,Renovation of the Ministry of Health Building -Civil Works,2021-2022,Request for Quotations/Proposals (RFQ/P),119274,2021-11-10,81621,2021-11-10,2022-01-07,2022-01-07,232833,138993085,2022-06-16 10:09:19,2022-01-20,Ministry of Health,Central Government,2022-01-07 00:00:00,141171701,2021-11-10 00:00:00,2021-11-10 00:00:00,2021-12-08,2022-01-07 00:00:00,2022-02-08 00:00:00,2021-09-14,2021-11-01,Uganda,,Arc Civil Engineering (U) Ltd,138993085,,,
33,Construction of Low Cost Sealing of Selected Low Volume Roads,2021-2022,Open Domestic Bidding,119712,2022-02-21,80825,2022-03-31,2022-04-04,2022-04-11,229238,7995395260,2022-06-21 08:28:13,2022-04-27,Ministry of Works and Transport,Central Government,2022-04-11 00:00:00,53080000002,2022-02-07 00:00:00,2022-02-21 00:00:00,2022-03-31,2022-04-05 00:00:00,2022-05-06 00:00:00,2021-11-18,2022-01-10,Uganda,,Empa Associates Ltd,9158324974,40000000000.0000,2021-08-01T21:00:00.000Z,Government of Uganda
33,Construction of Low Cost Sealing of Selected Low Volume Roads,2021-2022,Open Domestic Bidding,119725,2022-02-21,80825,2022-03-31,2022-04-05,2022-04-11,229278,4768639523,2022-06-21 08:57:24,2022-06-27,Ministry of Works and Transport,Central Government,2022-04-11 00:00:00,53080000002,2022-02-07 00:00:00,2022-02-21 00:00:00,2022-03-31,2022-04-05 00:00:00,2022-05-06 00:00:00,2021-11-18,2022-01-10,Uganda,,Empa Associates Ltd,9158324974,40000000000.0000,2021-08-01T21:00:00.000Z,Government of Uganda
33,Construction of Low Cost Sealing of Selected Low Volume Roads,2021-2022,Open Domestic Bidding,119727,2022-02-21,80825,2022-03-31,2022-04-05,2022-04-11,229295,4899268285,2022-06-21 09:08:44,2022-04-27,Ministry of Works and Transport,Central Government,2022-04-11 00:00:00,53080000002,2022-02-07 00:00:00,2022-02-21 00:00:00,2022-03-31,2022-04-05 00:00:00,2022-05-06 00:00:00,2021-11-18,2022-01-10,Uganda,,Empa Associates Ltd,9158324974,40000000000.0000,2021-08-01T21:00:00.000Z,Government of Uganda
33,Construction of Low Cost Sealing of Selected Low Volume Roads,2021-2022,Open Domestic Bidding,119743,2022-02-21,80825,2022-03-31,2022-04-05,2022-04-11,233636,6989666952,2022-06-21 09:57:07,2022-04-27,Ministry of Works and Transport,Central Government,2022-04-11 00:00:00,53080000002,2022-02-07 00:00:00,2022-02-21 00:00:00,2022-03-31,2022-04-05 00:00:00,2022-05-06 00:00:00,2021-11-18,2022-01-10,Uganda,,Empa Associates Ltd,9158324974,40000000000.0000,2021-08-01T21:00:00.000Z,Government of Uganda
33,Construction of Low Cost Sealing of Selected Low Volume Roads,2021-2022,Open Domestic Bidding,119747,2022-02-21,80825,2022-03-31,2022-04-05,2022-04-11,233653,4004045190,2022-06-21 10:07:52,2022-04-27,Ministry of Works and Transport,Central Government,2022-04-11 00:00:00,53080000002,2022-02-07 00:00:00,2022-02-21 00:00:00,2022-03-31,2022-04-05 00:00:00,2022-05-06 00:00:00,2021-11-18,2022-01-10,Uganda,,Empa Associates Ltd,9158324974,40000000000.0000,2021-08-01T21:00:00.000Z,Government of Uganda
33,Construction of Low Cost Sealing of Selected Low Volume Roads,2021-2022,Open Domestic Bidding,119788,2022-02-21,80825,2022-03-31,2022-04-05,2022-04-11,233675,5837425214,2022-06-21 11:01:45,2022-04-27,Ministry of Works and Transport,Central Government,2022-04-11 00:00:00,53080000002,2022-02-07 00:00:00,2022-02-21 00:00:00,2022-03-31,2022-04-05 00:00:00,2022-05-06 00:00:00,2021-11-18,2022-01-10,Uganda,,Empa Associates Ltd,9158324974,40000000000.0000,2021-08-01T21:00:00.000Z,Government of Uganda
33,Construction of Low Cost Sealing of Selected Low Volume Roads,2021-2022,Open Domestic Bidding,119792,2022-02-21,80825,2022-03-21,2022-04-05,2022-04-11,233684,4196522181,2022-06-21 11:12:07,2022-04-27,Ministry of Works and Transport,Central Government,2022-04-11 00:00:00,53080000002,2022-02-07 00:00:00,2022-02-21 00:00:00,2022-03-31,2022-04-05 00:00:00,2022-05-06 00:00:00,2021-11-18,2022-01-10,Uganda,,Empa Associates Ltd,9158324974,40000000000.0000,2021-08-01T21:00:00.000Z,Government of Uganda
33,Construction of Low Cost Sealing of Selected Low Volume Roads,2021-2022,Open Domestic Bidding,119824,2022-02-21,80825,2022-03-31,2022-04-05,2022-04-11,233738,4268799589,2022-06-21 13:30:43,2022-04-27,Ministry of Works and Transport,Central Government,2022-04-11 00:00:00,53080000002,2022-02-07 00:00:00,2022-02-21 00:00:00,2022-03-31,2022-04-05 00:00:00,2022-05-06 00:00:00,2021-11-18,2022-01-10,Uganda,,Empa Associates Ltd,9158324974,40000000000.0000,2021-08-01T21:00:00.000Z,Government of Uganda
90,Construction of Maruzi Access roads,2021-2022,Restricted Domestic Bidding (RDB),120494,2021-12-03,82031,2021-12-06,2021-12-06,2021-12-08,235151,456379915,2022-06-29 10:00:17,2021-12-08,National Agricultural Research Organization,Central Government,2021-12-08 00:00:00,480000000,2021-12-03 00:00:00,2021-12-03 00:00:00,2021-12-06,2021-12-08 00:00:00,2021-12-21 00:00:00,2021-11-09,2021-11-15,Uganda,,Lite solutions Ltd,498651622,480000000.0000,2022-01-31T21:00:00.000Z,Government of Uganda
91,Agriculture Cluster Development Project - ACDP,2021-2022,Open Domestic Bidding,120507,2021-12-09,82037,2022-02-03,2022-04-11,2022-04-11,235196,1088082802,2022-06-29 11:07:42,2022-04-27,"Ministry of Agriculture, Animal Industry and Fisheries",Central Government,2022-04-11 00:00:00,25949714348,2021-12-09 00:00:00,2021-12-09 00:00:00,2022-01-28,2022-05-22 00:00:00,2022-06-27 00:00:00,2021-10-05,2021-11-11,Uganda,,DingXIANG East Africa Enterprises Limited,1749582995,28000000000.0000,2022-06-26T21:00:00.000Z,Donor
91,Agriculture Cluster Development Project - ACDP,2021-2022,Open Domestic Bidding,120509,2021-12-09,82037,2022-02-03,2022-04-11,2022-04-11,235192,1131191879,2022-06-29 11:10:45,2022-04-27,"Ministry of Agriculture, Animal Industry and Fisheries",Central Government,2022-04-11 00:00:00,25949714348,2021-12-09 00:00:00,2021-12-09 00:00:00,2022-01-28,2022-05-22 00:00:00,2022-06-27 00:00:00,2021-10-05,2021-11-11,Uganda,,DingXIANG East Africa Enterprises Limited,1749582995,28000000000.0000,2022-06-26T21:00:00.000Z,Donor
91,Agriculture Cluster Development Project - ACDP,2021-2022,Open Domestic Bidding,120510,2021-12-09,82037,2022-02-03,2022-04-11,2022-04-11,235189,1311956707,2022-06-29 11:11:50,2022-04-27,"Ministry of Agriculture, Animal Industry and Fisheries",Central Government,2022-04-11 00:00:00,25949714348,2021-12-09 00:00:00,2021-12-09 00:00:00,2022-01-28,2022-05-22 00:00:00,2022-06-27 00:00:00,2021-10-05,2021-11-11,Uganda,,DingXIANG East Africa Enterprises Limited,1749582995,28000000000.0000,2022-06-26T21:00:00.000Z,Donor
91,Agriculture Cluster Development Project - ACDP,2021-2022,Open Domestic Bidding,120511,2021-12-09,82037,2022-02-03,2022-04-11,2022-04-11,235188,978834946,2022-06-29 11:13:14,2022-04-27,"Ministry of Agriculture, Animal Industry and Fisheries",Central Government,2022-04-11 00:00:00,25949714348,2021-12-09 00:00:00,2021-12-09 00:00:00,2022-01-28,2022-05-22 00:00:00,2022-06-27 00:00:00,2021-10-05,2021-11-11,Uganda,,DingXIANG East Africa Enterprises Limited,1749582995,28000000000.0000,2022-06-26T21:00:00.000Z,Donor
91,Agriculture Cluster Development Project - ACDP,2021-2022,Open Domestic Bidding,120513,2021-12-09,82037,2022-02-03,2022-04-11,2022-04-11,235187,1948126679,2022-06-29 11:14:38,2022-04-27,"Ministry of Agriculture, Animal Industry and Fisheries",Central Government,2022-04-11 00:00:00,25949714348,2021-12-09 00:00:00,2021-12-09 00:00:00,2022-01-28,2022-05-22 00:00:00,2022-06-27 00:00:00,2021-10-05,2021-11-11,Uganda,,DingXIANG East Africa Enterprises Limited,1749582995,28000000000.0000,2022-06-26T21:00:00.000Z,Donor
91,Agriculture Cluster Development Project - ACDP,2021-2022,Open Domestic Bidding,120514,2021-12-09,82037,2022-02-03,2022-04-11,2022-04-11,235186,1533940558,2022-06-29 11:15:51,2022-04-27,"Ministry of Agriculture, Animal Industry and Fisheries",Central Government,2022-04-11 00:00:00,25949714348,2021-12-09 00:00:00,2021-12-09 00:00:00,2022-01-28,2022-05-22 00:00:00,2022-06-27 00:00:00,2021-10-05,2021-11-11,Uganda,,DingXIANG East Africa Enterprises Limited,1749582995,28000000000.0000,2022-06-26T21:00:00.000Z,Donor
91,Agriculture Cluster Development Project - ACDP,2021-2022,Open Domestic Bidding,120515,2021-12-09,82037,2022-02-03,2022-04-11,2022-04-11,235185,1585695198,2022-06-29 11:17:18,2022-04-27,"Ministry of Agriculture, Animal Industry and Fisheries",Central Government,2022-04-11 00:00:00,25949714348,2021-12-09 00:00:00,2021-12-09 00:00:00,2022-01-28,2022-05-22 00:00:00,2022-06-27 00:00:00,2021-10-05,2021-11-11,Uganda,,DingXIANG East Africa Enterprises Limited,1749582995,28000000000.0000,2022-06-26T21:00:00.000Z,Donor
91,Agriculture Cluster Development Project - ACDP,2021-2022,Open Domestic Bidding,120516,2021-12-09,82037,2022-02-03,2022-04-11,2022-04-11,235184,2764800761,2022-06-29 11:19:00,2022-04-27,"Ministry of Agriculture, Animal Industry and Fisheries",Central Government,2022-04-11 00:00:00,25949714348,2021-12-09 00:00:00,2021-12-09 00:00:00,2022-01-28,2022-05-22 00:00:00,2022-06-27 00:00:00,2021-10-05,2021-11-11,Uganda,,DingXIANG East Africa Enterprises Limited,1749582995,28000000000.0000,2022-06-26T21:00:00.000Z,Donor
91,Agriculture Cluster Development Project - ACDP,2021-2022,Open Domestic Bidding,120517,2021-12-09,82037,2022-02-03,2022-04-11,2022-04-11,235169,1749582195,2022-06-29 11:20:28,2022-04-27,"Ministry of Agriculture, Animal Industry and Fisheries",Central Government,2022-04-11 00:00:00,25949714348,2021-12-09 00:00:00,2021-12-09 00:00:00,2022-01-28,2022-05-22 00:00:00,2022-06-27 00:00:00,2021-10-05,2021-11-11,Uganda,,DingXIANG East Africa Enterprises Limited,1749582995,28000000000.0000,2022-06-26T21:00:00.000Z,Donor
91,Agriculture Cluster Development Project - ACDP,2021-2022,Open Domestic Bidding,120518,2021-12-09,82037,2022-02-03,2022-04-11,2022-04-11,235183,2715460386,2022-06-29 11:21:38,2022-04-27,"Ministry of Agriculture, Animal Industry and Fisheries",Central Government,2022-04-11 00:00:00,25949714348,2021-12-09 00:00:00,2021-12-09 00:00:00,2022-01-28,2022-05-22 00:00:00,2022-06-27 00:00:00,2021-10-05,2021-11-11,Uganda,,DingXIANG East Africa Enterprises Limited,1749582995,28000000000.0000,2022-06-26T21:00:00.000Z,Donor
91,Agriculture Cluster Development Project - ACDP,2021-2022,Open Domestic Bidding,120519,2021-12-09,82037,2022-04-03,2022-04-11,2022-04-11,235182,572988387,2022-06-29 11:23:09,2022-04-27,"Ministry of Agriculture, Animal Industry and Fisheries",Central Government,2022-04-11 00:00:00,25949714348,2021-12-09 00:00:00,2021-12-09 00:00:00,2022-01-28,2022-05-22 00:00:00,2022-06-27 00:00:00,2021-10-05,2021-11-11,Uganda,,DingXIANG East Africa Enterprises Limited,1749582995,28000000000.0000,2022-06-26T21:00:00.000Z,Donor
91,Agriculture Cluster Development Project - ACDP,2021-2022,Open Domestic Bidding,120520,2021-12-09,82037,2022-02-03,2022-04-11,2022-04-11,235181,1139311353,2022-06-29 11:24:43,2022-04-27,"Ministry of Agriculture, Animal Industry and Fisheries",Central Government,2022-04-11 00:00:00,25949714348,2021-12-09 00:00:00,2021-12-09 00:00:00,2022-01-28,2022-05-22 00:00:00,2022-06-27 00:00:00,2021-10-05,2021-11-11,Uganda,,DingXIANG East Africa Enterprises Limited,1749582995,28000000000.0000,2022-06-26T21:00:00.000Z,Donor
91,Agriculture Cluster Development Project - ACDP,2021-2022,Open Domestic Bidding,120521,2021-12-09,82037,2022-02-03,2022-04-11,2022-04-11,235173,2036092903,2022-06-29 11:25:46,2022-04-27,"Ministry of Agriculture, Animal Industry and Fisheries",Central Government,2022-04-11 00:00:00,25949714348,2021-12-09 00:00:00,2021-12-09 00:00:00,2022-01-28,2022-05-22 00:00:00,2022-06-27 00:00:00,2021-10-05,2021-11-11,Uganda,,DingXIANG East Africa Enterprises Limited,1749582995,28000000000.0000,2022-06-26T21:00:00.000Z,Donor
91,Agriculture Cluster Development Project - ACDP,2021-2022,Open Domestic Bidding,120522,2021-12-09,82037,2022-02-03,2022-04-11,2022-04-11,235177,1361097813,2022-06-29 11:26:46,2022-04-27,"Ministry of Agriculture, Animal Industry and Fisheries",Central Government,2022-04-11 00:00:00,25949714348,2021-12-09 00:00:00,2021-12-09 00:00:00,2022-01-28,2022-05-22 00:00:00,2022-06-27 00:00:00,2021-10-05,2021-11-11,Uganda,,DingXIANG East Africa Enterprises Limited,1749582995,28000000000.0000,2022-06-26T21:00:00.000Z,Donor
91,Agriculture Cluster Development Project - ACDP,2021-2022,Open Domestic Bidding,120524,2021-12-09,82037,2022-02-03,2022-04-11,2022-04-11,235179,2845857551,2022-06-29 11:27:56,2022-04-27,"Ministry of Agriculture, Animal Industry and Fisheries",Central Government,2022-04-11 00:00:00,25949714348,2021-12-09 00:00:00,2021-12-09 00:00:00,2022-01-28,2022-05-22 00:00:00,2022-06-27 00:00:00,2021-10-05,2021-11-11,Uganda,,DingXIANG East Africa Enterprises Limited,1749582995,28000000000.0000,2022-06-26T21:00:00.000Z,Donor
91,Agriculture Cluster Development Project - ACDP,2021-2022,Open Domestic Bidding,120525,2021-12-09,82037,2022-02-03,2022-04-11,2022-04-11,235180,2058814533,2022-06-29 11:29:02,2022-04-27,"Ministry of Agriculture, Animal Industry and Fisheries",Central Government,2022-04-11 00:00:00,25949714348,2021-12-09 00:00:00,2021-12-09 00:00:00,2022-01-28,2022-05-22 00:00:00,2022-06-27 00:00:00,2021-10-05,2021-11-11,Uganda,,DingXIANG East Africa Enterprises Limited,1749582995,28000000000.0000,2022-06-26T21:00:00.000Z,Donor
94,Construction of a staff residential block at Maruzi,2021-2022,Open Domestic Bidding,120528,2021-12-15,82044,2022-01-17,2022-01-17,2022-01-27,235214,633366888,2022-06-29 11:53:02,2022-02-09,National Agricultural Research Organization,Central Government,2022-01-27 00:00:00,640000000,2021-12-15 00:00:00,2021-12-15 00:00:00,2022-01-17,2022-01-27 00:00:00,2022-03-29 00:00:00,2021-11-09,2021-11-16,Uganda,,Tradint,634370502,640000000.0000,2022-04-07T21:00:00.000Z,Government of Uganda
95,"Renovation of Hostel, Laboratory and Office Blocks at ABi Zardi",2021-2022,Restricted Domestic Bidding (RDB),120708,2020-06-25,82116,2020-07-27,2020-07-27,2020-08-03,235570,440855959,2022-07-01 08:39:41,2020-08-14,National Agricultural Research Organization,Central Government,2020-08-03 00:00:00,450000000,2020-06-25 00:00:00,2020-06-25 00:00:00,2022-07-25,2020-08-03 00:00:00,2021-11-10 00:00:00,2021-10-01,2020-06-23,Uganda,,Dolphin Consulting engineers and contractors Ltd,440855959,450000000.0000,2021-11-29T21:00:00.000Z,Government of Uganda
34,Civil works for the Periodic Mainatenance of Kampala Northern Bypass Phase 1 (21 Km),2021-2022,Open Domestic Bidding,120903,2022-05-09,81918,2022-06-06,2022-06-17,2022-06-28,235919,54350193089,2022-07-04 07:03:33,2022-07-13,Uganda National Roads Authority,Central Government,2022-06-09 00:00:00,56349056544,2022-05-06 00:00:00,2022-05-09 00:00:00,2022-06-06,2022-08-10 00:00:00,2022-08-10 00:00:00,2021-10-07,2022-02-03,Egypt,,Stirling Civil Engineering Limited,54350193089,,,
96,Remedial Works on Ntungamo - Kabale - Katuna,2021-2022,Restricted International Bidding (RIB),121151,2021-09-09,82323,2021-11-02,2021-11-20,2021-12-03,236422,53589419290,2022-07-06 09:12:24,2021-12-16,Uganda National Roads Authority,Central Government,2021-10-20 00:00:00,71074406240,2021-09-07 00:00:00,2021-09-09 00:00:00,2021-09-30,2021-12-01 00:00:00,2021-12-01 00:00:00,2021-03-26,2021-08-17,China,,China Railway Seventh Group Co. Ltd,53589419290,71074406240.0000,2021-03-25T21:00:00.000Z,Government of Uganda
110,Remodeling of University Hospital,2021-2022,Restricted Domestic Bidding (RDB),121654,2022-03-02,82470,2022-03-02,2022-03-18,2022-03-18,237349,357568600,2022-07-12 08:58:53,2022-03-31,Makerere University,Central Government,2022-03-18 00:00:00,370000000,2022-03-02 00:00:00,2022-03-02 00:00:00,2022-03-02,2022-03-18 00:00:00,2022-06-17 00:00:00,2021-11-29,2022-02-16,Uganda,,Open World Contractors Limited,378030189,370000000.0000,2022-06-16T21:00:00.000Z,Government of Uganda
40,"Building Maintenance works at UNRA Headquaters, Kyambogo Offices, Namugongo Stores and Ntinda",2021-2022,Open Domestic Bidding,122152,2022-05-20,81825,2022-07-04,2022-07-08,2022-07-18,238249,,2022-07-19 12:01:07,2022-07-29,Uganda National Roads Authority,Central Government,2022-07-26 00:00:00,1870351153,2022-05-19 00:00:00,2022-05-20 00:00:00,2022-06-04,2022-08-10 00:00:00,2022-08-10 00:00:00,2021-11-10,2022-04-14,Uganda,,Basama Enterprises & Engineering Ltd,,,,
106,Construction of NSSF Warehouse,2021-2022,Request for Quotations/Proposals (RFQ/P),122862,2022-05-02,82960,2022-05-16,2022-05-20,2022-05-23,239803,139103788,2022-08-09 11:23:45,2022-05-27,National Social Security Fund,Central Government,2022-05-19 00:00:00,170000000,2022-04-29 00:00:00,2022-05-02 00:00:00,2022-05-16,2022-06-07 00:00:00,2022-06-07 00:00:00,2022-04-04,2022-04-14,Uganda,,Creark Group Ltd,139103788,170000000.0000,2022-07-03T21:00:00.000Z,Internally Generated Funds 
4,Upgrade of masts,2021-2022,Request for Quotations/Proposals (RFQ/P),123010,2022-05-26,83024,2022-05-30,2022-06-13,2022-06-13,240082,79178000,2022-08-16 10:23:59,2022-06-27,Uganda Communications Commission,Central Government,2022-05-23 00:00:00,75000000,2022-05-16 00:00:00,2022-05-17 00:00:00,2022-05-19,2022-05-23 00:00:00,2022-06-02 00:00:00,2022-05-10,2022-05-11,Uganda,,Haraka Solutions Limited,86730000,20000000000.0000,2019-06-30T21:00:00.000Z,Government of Uganda
112,Routine Mechanized Maintenance of Selected Paved Roads,2022-2023,Open Domestic Bidding,125419,2021-03-31,83644,2022-07-29,2022-07-29,2022-10-21,243603,,2022-10-27 08:40:40,2022-11-04,Uganda National Roads Authority,Central Government,2021-04-16 00:00:00,73392474614,2021-03-12 00:00:00,2021-03-15 00:00:00,2021-04-16,2021-05-19 00:00:00,2021-05-20 00:00:00,2020-09-29,2021-02-04,Uganda,,NIPE Construction Ltd,,,,
112,Routine Mechanized Maintenance of Selected Paved Roads,2022-2023,Open Domestic Bidding,125420,2022-03-31,83644,2022-07-29,2022-07-29,2022-10-21,243708,,2022-10-27 08:51:12,2022-11-04,Uganda National Roads Authority,Central Government,2021-04-16 00:00:00,73392474614,2021-03-12 00:00:00,2021-03-15 00:00:00,2021-04-16,2021-05-19 00:00:00,2021-05-20 00:00:00,2020-09-29,2021-02-04,Uganda,,NIPE Construction Ltd,,,,
112,Routine Mechanized Maintenance of Selected Paved Roads,2022-2023,Open Domestic Bidding,125421,2021-03-31,83644,2022-07-29,2022-07-29,2022-10-21,243785,,2022-10-27 08:53:34,2022-11-04,Uganda National Roads Authority,Central Government,2021-04-16 00:00:00,73392474614,2021-03-12 00:00:00,2021-03-15 00:00:00,2021-04-16,2021-05-19 00:00:00,2021-05-20 00:00:00,2020-09-29,2021-02-04,Uganda,,NIPE Construction Ltd,,,,
112,Routine Mechanized Maintenance of Selected Paved Roads,2022-2023,Open Domestic Bidding,125423,2021-03-31,83644,2022-07-29,2022-07-29,2022-10-21,243800,,2022-10-27 09:01:31,2022-11-04,Uganda National Roads Authority,Central Government,2021-04-16 00:00:00,73392474614,2021-03-12 00:00:00,2021-03-15 00:00:00,2021-04-16,2021-05-19 00:00:00,2021-05-20 00:00:00,2020-09-29,2021-02-04,Uganda,,NIPE Construction Ltd,,,,
113,Upgrading of Luwero - Butalangu Road (30Km) from gravel to paved (Bituminous) Standard.,2022-2023,Open International Bidding(OIB),125538,2022-08-22,83747,2022-09-21,2022-09-30,2022-10-19,244047,93846360134,2022-11-03 10:14:11,2022-11-02,Uganda National Roads Authority,Central Government,2022-10-19 00:00:00,95544023162,2022-08-11 00:00:00,2022-08-11 00:00:00,2022-08-31,2022-11-30 00:00:00,2022-11-30 00:00:00,2022-03-21,2022-06-04,China,,Shandong Luqiao Group Co. Ltd,95216671624,,,
114,Periodic maintenance of Kibuye - Entebbe Road (22km),2022-2023,Open Domestic Bidding,125548,2019-05-08,83749,2020-10-01,2020-10-01,2020-10-13,244072,1234567890,2022-11-04 09:49:23,2020-10-27,Uganda National Roads Authority,Central Government,2019-06-06 00:00:00,37958891168,2019-05-07 00:00:00,2019-05-08 00:00:00,2019-05-21,2019-06-30 00:00:00,2019-06-30 00:00:00,2018-11-19,2019-04-04,Aruba,,,456890,,,
115,"Construction of High Speed weigh in motion lanes, Station and Parking yard for Kamdini weigh station",2022-2023,Open Domestic Bidding,125868,2022-07-15,83837,2022-09-29,2022-10-04,2022-10-10,244637,10347862445,2022-11-15 12:46:37,2022-10-21,Uganda National Roads Authority,Central Government,2022-08-15 00:00:00,11806042129,2022-07-05 00:00:00,2022-07-06 00:00:00,2022-07-29,2022-11-16 00:00:00,2022-11-24 00:00:00,2021-10-27,2022-06-07,Uganda,,Excel Construction Ltd,10255629240,,,
4,Upgrade of masts,2022-2023,Request for Quotations/Proposals (RFQ/P),125878,2022-07-21,83860,2022-08-12,2022-08-23,2022-08-23,244681,76635100,2022-11-15 17:18:46,2022-09-06,Uganda Communications Commission,Central Government,2022-07-29 00:00:00,114000000,2022-07-15 00:00:00,2022-07-18 00:00:00,2022-07-22,2022-07-29 00:00:00,2022-08-05 00:00:00,2022-06-29,2022-07-11,Uganda,,Kiron Group Limited,167619000,20000000000.0000,2019-06-30T21:00:00.000Z,Government of Uganda
128,Building Maintenance works under framework contract for three years.,2022-2023,Open Domestic Bidding,125893,2022-05-20,83864,2022-06-24,2022-07-08,2022-07-18,244712,,2022-11-16 08:59:34,2022-07-29,Uganda National Roads Authority,Central Government,2022-07-26 00:00:00,1870351153,2022-05-19 00:00:00,2022-05-20 00:00:00,2022-06-06,2022-11-16 00:00:00,2022-11-16 00:00:00,2021-11-10,2022-04-14,Uganda,,Basama Enterprises & Engineering Ltd,,,,
129,Mechanized Maintenance of Unpaved Roads under framework contract Phase 3,2022-2023,Open Domestic Bidding,126101,2021-04-28,83865,2021-08-05,2021-09-18,2022-09-26,245273,,2022-11-21 12:40:15,2022-10-10,Uganda National Roads Authority,Central Government,2021-06-03 00:00:00,503532615248,2021-04-27 00:00:00,2021-05-03 00:00:00,2021-05-19,2021-06-25 00:00:00,2021-06-25 00:00:00,2020-12-16,2021-03-23,Uganda,,Lusa Construction & Engineering Co. Ltd,,,,
129,Mechanized Maintenance of Unpaved Roads under framework contract Phase 3,2022-2023,Open Domestic Bidding,126102,2021-04-28,83865,2021-08-05,2021-09-18,2022-09-26,245275,,2022-11-21 12:40:15,2022-10-10,Uganda National Roads Authority,Central Government,2021-06-03 00:00:00,503532615248,2021-04-27 00:00:00,2021-05-03 00:00:00,2021-05-19,2021-06-25 00:00:00,2021-06-25 00:00:00,2020-12-16,2021-03-23,Uganda,,Lusa Construction & Engineering Co. Ltd,,,,
129,Mechanized Maintenance of Unpaved Roads under framework contract Phase 3,2022-2023,Open Domestic Bidding,126103,2021-04-28,83865,2021-08-05,2021-09-18,2022-09-26,245091,,2022-11-21 12:52:21,2022-10-11,Uganda National Roads Authority,Central Government,2021-06-03 00:00:00,503532615248,2021-04-27 00:00:00,2021-05-03 00:00:00,2021-05-19,2021-06-25 00:00:00,2021-06-25 00:00:00,2020-12-16,2021-03-23,Uganda,,Lusa Construction & Engineering Co. Ltd,,,,
129,Mechanized Maintenance of Unpaved Roads under framework contract Phase 3,2022-2023,Open Domestic Bidding,126104,2021-04-28,83865,2021-08-05,2021-09-18,2022-09-26,245085,,2022-11-21 12:52:21,2022-10-11,Uganda National Roads Authority,Central Government,2021-06-03 00:00:00,503532615248,2021-04-27 00:00:00,2021-05-03 00:00:00,2021-05-19,2021-06-25 00:00:00,2021-06-25 00:00:00,2020-12-16,2021-03-23,Uganda,,Lusa Construction & Engineering Co. Ltd,,,,
129,Mechanized Maintenance of Unpaved Roads under framework contract Phase 3,2022-2023,Open Domestic Bidding,126105,,83865,,,,245091,,2022-11-21 12:52:21,,Uganda National Roads Authority,Central Government,2021-06-03 00:00:00,503532615248,2021-04-27 00:00:00,2021-05-03 00:00:00,2021-05-19,2021-06-25 00:00:00,2021-06-25 00:00:00,2020-12-16,2021-03-23,Uganda,,Lusa Construction & Engineering Co. Ltd,,,,
129,Mechanized Maintenance of Unpaved Roads under framework contract Phase 3,2022-2023,Open Domestic Bidding,126106,,83865,,,,245085,,2022-11-21 12:52:21,,Uganda National Roads Authority,Central Government,2021-06-03 00:00:00,503532615248,2021-04-27 00:00:00,2021-05-03 00:00:00,2021-05-19,2021-06-25 00:00:00,2021-06-25 00:00:00,2020-12-16,2021-03-23,Uganda,,Lusa Construction & Engineering Co. Ltd,,,,
129,Mechanized Maintenance of Unpaved Roads under framework contract Phase 3,2022-2023,Open Domestic Bidding,126144,,83865,,,,245172,,2022-11-23 07:35:10,,Uganda National Roads Authority,Central Government,2021-06-03 00:00:00,503532615248,2021-04-27 00:00:00,2021-05-03 00:00:00,2021-05-19,2021-06-25 00:00:00,2021-06-25 00:00:00,2020-12-16,2021-03-23,Uganda,,Lusa Construction & Engineering Co. Ltd,,,,
129,Mechanized Maintenance of Unpaved Roads under framework contract Phase 3,2022-2023,Open Domestic Bidding,126145,2021-04-22,83865,2021-08-05,2021-09-15,2022-09-26,245172,,2022-11-23 07:35:10,2022-10-11,Uganda National Roads Authority,Central Government,2021-06-03 00:00:00,503532615248,2021-04-27 00:00:00,2021-05-03 00:00:00,2021-05-19,2021-06-25 00:00:00,2021-06-25 00:00:00,2020-12-16,2021-03-23,Uganda,,Lusa Construction & Engineering Co. Ltd,,,,
129,Mechanized Maintenance of Unpaved Roads under framework contract Phase 3,2022-2023,Open Domestic Bidding,126146,,83865,,,,245177,,2022-11-23 07:35:10,,Uganda National Roads Authority,Central Government,2021-06-03 00:00:00,503532615248,2021-04-27 00:00:00,2021-05-03 00:00:00,2021-05-19,2021-06-25 00:00:00,2021-06-25 00:00:00,2020-12-16,2021-03-23,Uganda,,Lusa Construction & Engineering Co. Ltd,,,,
129,Mechanized Maintenance of Unpaved Roads under framework contract Phase 3,2022-2023,Open Domestic Bidding,126147,2021-04-22,83865,2021-08-05,2021-09-15,2022-09-26,245177,,2022-11-23 07:35:10,2022-10-11,Uganda National Roads Authority,Central Government,2021-06-03 00:00:00,503532615248,2021-04-27 00:00:00,2021-05-03 00:00:00,2021-05-19,2021-06-25 00:00:00,2021-06-25 00:00:00,2020-12-16,2021-03-23,Uganda,,Lusa Construction & Engineering Co. Ltd,,,,
129,Mechanized Maintenance of Unpaved Roads under framework contract Phase 3,2022-2023,Open Domestic Bidding,126154,2021-04-28,83865,2021-08-05,2021-09-18,2022-09-26,245146,,2022-11-23 09:04:55,2022-10-11,Uganda National Roads Authority,Central Government,2021-06-03 00:00:00,503532615248,2021-04-27 00:00:00,2021-05-03 00:00:00,2021-05-19,2021-06-25 00:00:00,2021-06-25 00:00:00,2020-12-16,2021-03-23,Uganda,,Lusa Construction & Engineering Co. Ltd,,,,
129,Mechanized Maintenance of Unpaved Roads under framework contract Phase 3,2022-2023,Open Domestic Bidding,126155,2021-04-28,83865,2021-08-05,2021-09-18,2022-09-26,245147,,2022-11-23 09:04:55,2022-10-11,Uganda National Roads Authority,Central Government,2021-06-03 00:00:00,503532615248,2021-04-27 00:00:00,2021-05-03 00:00:00,2021-05-19,2021-06-25 00:00:00,2021-06-25 00:00:00,2020-12-16,2021-03-23,Uganda,,Lusa Construction & Engineering Co. Ltd,,,,
129,Mechanized Maintenance of Unpaved Roads under framework contract Phase 3,2022-2023,Open Domestic Bidding,126160,2021-04-28,83865,2021-08-05,2021-09-15,2022-09-26,245108,,2022-11-23 09:38:17,2022-10-11,Uganda National Roads Authority,Central Government,2021-06-03 00:00:00,503532615248,2021-04-27 00:00:00,2021-05-03 00:00:00,2021-05-19,2021-06-25 00:00:00,2021-06-25 00:00:00,2020-12-16,2021-03-23,Uganda,,Lusa Construction & Engineering Co. Ltd,,,,
129,Mechanized Maintenance of Unpaved Roads under framework contract Phase 3,2022-2023,Open Domestic Bidding,126161,2021-04-28,83865,2021-08-05,2021-09-15,2022-09-26,245099,,2022-11-23 09:38:17,2022-10-11,Uganda National Roads Authority,Central Government,2021-06-03 00:00:00,503532615248,2021-04-27 00:00:00,2021-05-03 00:00:00,2021-05-19,2021-06-25 00:00:00,2021-06-25 00:00:00,2020-12-16,2021-03-23,Uganda,,Lusa Construction & Engineering Co. Ltd,,,,
129,Mechanized Maintenance of Unpaved Roads under framework contract Phase 3,2022-2023,Open Domestic Bidding,126164,2021-04-28,83865,2021-08-05,2021-09-15,2022-09-26,245162,,2022-11-23 10:10:59,2022-10-11,Uganda National Roads Authority,Central Government,2021-06-03 00:00:00,503532615248,2021-04-27 00:00:00,2021-05-03 00:00:00,2021-05-19,2021-06-25 00:00:00,2021-06-25 00:00:00,2020-12-16,2021-03-23,Uganda,,Lusa Construction & Engineering Co. Ltd,,,,
129,Mechanized Maintenance of Unpaved Roads under framework contract Phase 3,2022-2023,Open Domestic Bidding,126165,2021-04-28,83865,2021-08-05,2021-09-15,2022-09-26,245168,,2022-11-23 10:10:59,2022-10-11,Uganda National Roads Authority,Central Government,2021-06-03 00:00:00,503532615248,2021-04-27 00:00:00,2021-05-03 00:00:00,2021-05-19,2021-06-25 00:00:00,2021-06-25 00:00:00,2020-12-16,2021-03-23,Uganda,,Lusa Construction & Engineering Co. Ltd,,,,
129,Mechanized Maintenance of Unpaved Roads under framework contract Phase 3,2022-2023,Open Domestic Bidding,126318,2021-04-28,83865,2021-08-05,2021-09-21,2022-08-30,245929,,2022-11-29 10:49:25,2022-09-13,Uganda National Roads Authority,Central Government,2021-06-03 00:00:00,503532615248,2021-04-27 00:00:00,2021-05-03 00:00:00,2021-05-19,2021-06-25 00:00:00,2021-06-25 00:00:00,2020-12-16,2021-03-23,Uganda,,Lusa Construction & Engineering Co. Ltd,,,,
129,Mechanized Maintenance of Unpaved Roads under framework contract Phase 3,2022-2023,Open Domestic Bidding,126319,2021-04-28,83865,2021-08-05,2021-09-21,2022-08-30,245928,,2022-11-29 10:49:25,2022-09-13,Uganda National Roads Authority,Central Government,2021-06-03 00:00:00,503532615248,2021-04-27 00:00:00,2021-05-03 00:00:00,2021-05-19,2021-06-25 00:00:00,2021-06-25 00:00:00,2020-12-16,2021-03-23,Uganda,,Lusa Construction & Engineering Co. Ltd,,,,
4,Upgrade of masts,2022-2023,Request for Quotations/Proposals (RFQ/P),126380,2022-07-14,84032,2022-07-14,2022-07-22,2022-07-22,246063,19470000,2022-12-01 09:00:05,2022-08-04,Uganda Communications Commission,Central Government,2022-07-15 00:00:00,19470000,2022-07-05 00:00:00,2022-07-06 00:00:00,2022-07-08,2022-07-15 00:00:00,2022-07-29 00:00:00,2022-06-22,2022-07-01,Uganda,,MAT Technical Services Ltd,25960000,20000000000.0000,2019-06-30T21:00:00.000Z,Government of Uganda
4,Upgrade of masts,2022-2023,Request for Quotations/Proposals (RFQ/P),126381,,84032,,,,246063,19470000,2022-12-01 09:00:05,,Uganda Communications Commission,Central Government,2022-07-15 00:00:00,19470000,2022-07-05 00:00:00,2022-07-06 00:00:00,2022-07-08,2022-07-15 00:00:00,2022-07-29 00:00:00,2022-06-22,2022-07-01,Uganda,,MAT Technical Services Ltd,25960000,20000000000.0000,2019-06-30T21:00:00.000Z,Government of Uganda
4,Upgrade of masts,2022-2023,Request for Quotations/Proposals (RFQ/P),126382,,84032,,,,246063,19470000,2022-12-01 09:00:05,,Uganda Communications Commission,Central Government,2022-07-15 00:00:00,19470000,2022-07-05 00:00:00,2022-07-06 00:00:00,2022-07-08,2022-07-15 00:00:00,2022-07-29 00:00:00,2022-06-22,2022-07-01,Uganda,,MAT Technical Services Ltd,25960000,20000000000.0000,2019-06-30T21:00:00.000Z,Government of Uganda
129,Mechanized Maintenance of Unpaved Roads under framework contract Phase 3,2022-2023,Open Domestic Bidding,126542,2021-04-28,83865,2021-08-05,2021-09-15,2022-11-14,246313,,2022-12-07 09:25:35,2022-11-26,Uganda National Roads Authority,Central Government,2021-06-03 00:00:00,503532615248,2021-04-27 00:00:00,2021-05-03 00:00:00,2021-05-19,2021-06-25 00:00:00,2021-06-25 00:00:00,2020-12-16,2021-03-23,Uganda,,Lusa Construction & Engineering Co. Ltd,,,,
129,Mechanized Maintenance of Unpaved Roads under framework contract Phase 3,2022-2023,Open Domestic Bidding,126543,2021-04-28,83865,2021-08-05,2021-09-15,2022-11-14,246320,,2022-12-07 09:25:35,2022-11-26,Uganda National Roads Authority,Central Government,2021-06-03 00:00:00,503532615248,2021-04-27 00:00:00,2021-05-03 00:00:00,2021-05-19,2021-06-25 00:00:00,2021-06-25 00:00:00,2020-12-16,2021-03-23,Uganda,,Lusa Construction & Engineering Co. Ltd,,,,
129,Mechanized Maintenance of Unpaved Roads under framework contract Phase 3,2022-2023,Open Domestic Bidding,126612,2021-04-28,83865,2021-08-05,2021-09-15,2022-11-14,244741,,2022-12-08 07:39:33,2022-11-26,Uganda National Roads Authority,Central Government,2021-06-03 00:00:00,503532615248,2021-04-27 00:00:00,2021-05-03 00:00:00,2021-05-19,2021-06-25 00:00:00,2021-06-25 00:00:00,2020-12-16,2021-03-23,Uganda,,Lusa Construction & Engineering Co. Ltd,,,,
129,Mechanized Maintenance of Unpaved Roads under framework contract Phase 3,2022-2023,Open Domestic Bidding,126613,2021-04-28,83865,2021-08-05,2021-09-15,2022-11-14,244743,,2022-12-08 07:39:33,2022-11-26,Uganda National Roads Authority,Central Government,2021-06-03 00:00:00,503532615248,2021-04-27 00:00:00,2021-05-03 00:00:00,2021-05-19,2021-06-25 00:00:00,2021-06-25 00:00:00,2020-12-16,2021-03-23,Uganda,,Lusa Construction & Engineering Co. Ltd,,,,
129,Mechanized Maintenance of Unpaved Roads under framework contract Phase 3,2022-2023,Open Domestic Bidding,126622,2021-04-28,83865,2021-08-05,2021-09-15,2022-11-14,245207,,2022-12-08 09:09:20,2022-11-26,Uganda National Roads Authority,Central Government,2021-06-03 00:00:00,503532615248,2021-04-27 00:00:00,2021-05-03 00:00:00,2021-05-19,2021-06-25 00:00:00,2021-06-25 00:00:00,2020-12-16,2021-03-23,Uganda,,Lusa Construction & Engineering Co. Ltd,,,,
129,Mechanized Maintenance of Unpaved Roads under framework contract Phase 3,2022-2023,Open Domestic Bidding,126623,2021-04-28,83865,2021-08-05,2021-09-15,2022-11-14,245205,,2022-12-08 09:09:20,2022-11-26,Uganda National Roads Authority,Central Government,2021-06-03 00:00:00,503532615248,2021-04-27 00:00:00,2021-05-03 00:00:00,2021-05-19,2021-06-25 00:00:00,2021-06-25 00:00:00,2020-12-16,2021-03-23,Uganda,,Lusa Construction & Engineering Co. Ltd,,,,
129,Mechanized Maintenance of Unpaved Roads under framework contract Phase 3,2022-2023,Open Domestic Bidding,126635,2021-04-28,83865,2021-08-05,2021-09-15,2022-11-14,245132,,2022-12-08 10:20:11,2022-11-26,Uganda National Roads Authority,Central Government,2021-06-03 00:00:00,503532615248,2021-04-27 00:00:00,2021-05-03 00:00:00,2021-05-19,2021-06-25 00:00:00,2021-06-25 00:00:00,2020-12-16,2021-03-23,Uganda,,Lusa Construction & Engineering Co. Ltd,,,,
129,Mechanized Maintenance of Unpaved Roads under framework contract Phase 3,2022-2023,Open Domestic Bidding,126636,2021-04-28,83865,2021-08-05,2021-09-15,2022-11-14,245127,,2022-12-08 10:20:11,2022-11-26,Uganda National Roads Authority,Central Government,2021-06-03 00:00:00,503532615248,2021-04-27 00:00:00,2021-05-03 00:00:00,2021-05-19,2021-06-25 00:00:00,2021-06-25 00:00:00,2020-12-16,2021-03-23,Uganda,,Lusa Construction & Engineering Co. Ltd,,,,
34,Civil works for the Periodic Mainatenance of Kampala Northern Bypass Phase 1 (21 Km),2022-2023,Open Domestic Bidding,128536,2022-04-25,84666,2022-06-06,2022-06-17,2022-06-28,249641,54350193089,2023-01-31 09:14:32,2022-07-13,Uganda National Roads Authority,Central Government,2022-06-01 00:00:00,56349056544,2022-04-22 00:00:00,2022-05-09 00:00:00,2022-05-31,2022-06-22 00:00:00,2022-06-22 00:00:00,2021-10-07,2022-02-03,Portugal,,Mota - Engil Africa,94406898608,,,
129,Mechanized Maintenance of Unpaved Roads under framework contract Phase 3,2022-2023,Open Domestic Bidding,128875,2021-04-27,83865,2021-08-05,2021-08-05,2022-09-26,250362,,2023-02-08 11:21:18,2022-10-11,Uganda National Roads Authority,Central Government,2021-06-03 00:00:00,503532615248,2021-04-27 00:00:00,2021-05-03 00:00:00,2021-05-19,2021-06-25 00:00:00,2021-06-25 00:00:00,2020-12-16,2021-03-23,Uganda,,Lusa Construction & Engineering Co. Ltd,,,,
129,Mechanized Maintenance of Unpaved Roads under framework contract Phase 3,2022-2023,Open Domestic Bidding,128876,2021-04-27,83865,2021-08-05,2021-08-05,2022-09-26,250361,,2023-02-08 11:21:18,2022-10-11,Uganda National Roads Authority,Central Government,2021-06-03 00:00:00,503532615248,2021-04-27 00:00:00,2021-05-03 00:00:00,2021-05-19,2021-06-25 00:00:00,2021-06-25 00:00:00,2020-12-16,2021-03-23,Uganda,,Lusa Construction & Engineering Co. Ltd,,,,
129,Mechanized Maintenance of Unpaved Roads under framework contract Phase 3,2022-2023,Open Domestic Bidding,128880,2021-04-28,83865,2022-08-05,2022-08-05,2022-09-26,250371,,2023-02-08 11:31:19,2022-10-11,Uganda National Roads Authority,Central Government,2021-06-03 00:00:00,503532615248,2021-04-27 00:00:00,2021-05-03 00:00:00,2021-05-19,2021-06-25 00:00:00,2021-06-25 00:00:00,2020-12-16,2021-03-23,Uganda,,Lusa Construction & Engineering Co. Ltd,,,,
129,Mechanized Maintenance of Unpaved Roads under framework contract Phase 3,2022-2023,Open Domestic Bidding,128881,2021-04-28,83865,2022-08-05,2022-08-05,2022-09-26,250368,,2023-02-08 11:31:19,2022-10-11,Uganda National Roads Authority,Central Government,2021-06-03 00:00:00,503532615248,2021-04-27 00:00:00,2021-05-03 00:00:00,2021-05-19,2021-06-25 00:00:00,2021-06-25 00:00:00,2020-12-16,2021-03-23,Uganda,,Lusa Construction & Engineering Co. Ltd,,,,
129,Mechanized Maintenance of Unpaved Roads under framework contract Phase 3,2022-2023,Open Domestic Bidding,128888,2021-04-28,83865,2021-08-05,2021-08-05,2022-09-26,250374,,2023-02-08 11:59:37,2022-10-11,Uganda National Roads Authority,Central Government,2021-06-03 00:00:00,503532615248,2021-04-27 00:00:00,2021-05-03 00:00:00,2021-05-19,2021-06-25 00:00:00,2021-06-25 00:00:00,2020-12-16,2021-03-23,Uganda,,Lusa Construction & Engineering Co. Ltd,,,,
129,Mechanized Maintenance of Unpaved Roads under framework contract Phase 3,2022-2023,Open Domestic Bidding,128889,2021-04-28,83865,2021-08-05,2021-08-05,2022-09-26,250373,,2023-02-08 11:59:37,2022-10-11,Uganda National Roads Authority,Central Government,2021-06-03 00:00:00,503532615248,2021-04-27 00:00:00,2021-05-03 00:00:00,2021-05-19,2021-06-25 00:00:00,2021-06-25 00:00:00,2020-12-16,2021-03-23,Uganda,,Lusa Construction & Engineering Co. Ltd,,,,
129,Mechanized Maintenance of Unpaved Roads under framework contract Phase 3,2022-2023,Open Domestic Bidding,128900,2021-04-28,83865,2021-08-05,2021-08-05,2022-09-26,245062,,2023-02-08 12:09:36,2022-10-11,Uganda National Roads Authority,Central Government,2021-06-03 00:00:00,503532615248,2021-04-27 00:00:00,2021-05-03 00:00:00,2021-05-19,2021-06-25 00:00:00,2021-06-25 00:00:00,2020-12-16,2021-03-23,Uganda,,Lusa Construction & Engineering Co. Ltd,,,,
129,Mechanized Maintenance of Unpaved Roads under framework contract Phase 3,2022-2023,Open Domestic Bidding,128901,2021-04-28,83865,2021-08-05,2021-08-05,2022-09-26,245048,,2023-02-08 12:09:36,2022-10-11,Uganda National Roads Authority,Central Government,2021-06-03 00:00:00,503532615248,2021-04-27 00:00:00,2021-05-03 00:00:00,2021-05-19,2021-06-25 00:00:00,2021-06-25 00:00:00,2020-12-16,2021-03-23,Uganda,,Lusa Construction & Engineering Co. Ltd,,,,
129,Mechanized Maintenance of Unpaved Roads under framework contract Phase 3,2022-2023,Open Domestic Bidding,128906,2021-04-28,83865,2021-08-05,2021-08-05,2022-09-26,245124,,2023-02-08 12:24:43,2022-10-11,Uganda National Roads Authority,Central Government,2021-06-03 00:00:00,503532615248,2021-04-27 00:00:00,2021-05-03 00:00:00,2021-05-19,2021-06-25 00:00:00,2021-06-25 00:00:00,2020-12-16,2021-03-23,Uganda,,Lusa Construction & Engineering Co. Ltd,,,,
129,Mechanized Maintenance of Unpaved Roads under framework contract Phase 3,2022-2023,Open Domestic Bidding,128907,2021-04-28,83865,2021-08-05,2021-08-05,2022-09-26,245110,,2023-02-08 12:24:43,2022-10-11,Uganda National Roads Authority,Central Government,2021-06-03 00:00:00,503532615248,2021-04-27 00:00:00,2021-05-03 00:00:00,2021-05-19,2021-06-25 00:00:00,2021-06-25 00:00:00,2020-12-16,2021-03-23,Uganda,,Lusa Construction & Engineering Co. Ltd,,,,
129,Mechanized Maintenance of Unpaved Roads under framework contract Phase 3,2022-2023,Open Domestic Bidding,128910,2021-04-28,83865,2021-08-05,2021-08-05,2022-09-26,245068,,2023-02-08 12:52:47,2022-10-11,Uganda National Roads Authority,Central Government,2021-06-03 00:00:00,503532615248,2021-04-27 00:00:00,2021-05-03 00:00:00,2021-05-19,2021-06-25 00:00:00,2021-06-25 00:00:00,2020-12-16,2021-03-23,Uganda,,Lusa Construction & Engineering Co. Ltd,,,,
129,Mechanized Maintenance of Unpaved Roads under framework contract Phase 3,2022-2023,Open Domestic Bidding,128911,2021-04-28,83865,2021-08-05,2021-08-05,2022-09-26,245066,,2023-02-08 12:52:47,2022-10-11,Uganda National Roads Authority,Central Government,2021-06-03 00:00:00,503532615248,2021-04-27 00:00:00,2021-05-03 00:00:00,2021-05-19,2021-06-25 00:00:00,2021-06-25 00:00:00,2020-12-16,2021-03-23,Uganda,,Lusa Construction & Engineering Co. Ltd,,,,
140,Civil works for the Upgrading of Selected Town Roads (20.2Km) in Mbarara Municipality from Gravel to Paved (Bituminous) Standard.,2022-2023,Open International Bidding(OIB),129429,2019-03-15,85042,2019-04-03,2019-04-11,2019-04-23,251480,37084941485,2023-02-22 08:37:12,2019-05-07,Uganda National Roads Authority,Central Government,2019-04-02 00:00:00,67383004255,2019-03-15 00:00:00,2019-03-18 00:00:00,2019-04-01,2019-04-08 00:00:00,2019-04-08 00:00:00,2018-08-13,2019-03-01,China,,China State Construction Engineering Corporation Ltd,40256062586,,,
